<?xml version="1.0" encoding="UTF-8" standalone="no"?>
<Maps>
    <Map Name="ALL_POINTS_HIGH" Priority="0" Type="System">
        <Label hasLeader="true">
            <Point Name="VATEN">VATEN</Point>
            <Point Name="RADKA">RADKA</Point>
            <Point Name="IMSUT">IMSUT</Point>
            <Point Name="RADAG">RADAG</Point>
            <Point Name="ALMAM">ALMAM</Point>
            <Point Name="KAFIA">KAFIA</Point>
            <Point Name="TOKAR">TOKAR</Point>
            <Point Name="NUBAR">NUBAR</Point>
            <Point Name="SOMAK">SOMAK</Point>
            <Point Name="ALPOX">ALPOX</Point>
            <Point Name="GOPDA">GOPDA</Point>
            <Point Name="GAGNI">GAGNI</Point>
            <Point Name="AVONO">AVONO</Point>
            <Point Name="EPSIX">EPSIX</Point>
            <Point Name="AMATO">AMATO</Point>
            <Point Name="ANTAX">ANTAX</Point>
            <Point Name="ORNAT">ORNAT</Point>
            <Point Name="MAHDI">MAHDI</Point>
            <Point Name="KAROX">KAROX</Point>
            <Point Name="DENBU">DENBU</Point>
            <Point Name="LADEN">LADEN</Point>
            <Point Name="SS450">SS450</Point>
            <Point Name="DENDI">DENDI</Point>
            <Point Name="TESON">TESON</Point>
            <Point Name="OVELA">OVELA</Point>
            <Point Name="RABAK">RABAK</Point>
            <Point Name="SUVRI">SUVRI</Point>
            <Point Name="DAGAP">DAGAP</Point>
            <Point Name="TAPOS">TAPOS</Point>
            <Point Name="SAGBU">SAGBU</Point>
            <Point Name="USUBA">USUBA</Point>
            <Point Name="TIKAT">TIKAT</Point>
            <Point Name="ATUGA">ATUGA</Point>
            <Point Name="BOPID">BOPID</Point>
            <Point Name="BOGUM">BOGUM</Point>
            <Point Name="MIPOL">MIPOL</Point>
            <Point Name="PASIL">PASIL</Point>
            <Point Name="LOVAB">LOVAB</Point>
            <Point Name="KAPIB">KAPIB</Point>
            <Point Name="ITGAL">ITGAL</Point>
            <Point Name="ASNON">ASNON</Point>
            <Point Name="AZAZA">AZAZA</Point>
            <Point Name="KISAL">KISAL</Point>
            <Point Name="HASAN">HASAN</Point>
            <Point Name="DELAM">DELAM</Point>
            <Point Name="DATIM">DATIM</Point>
            <Point Name="SOGAD">SOGAD</Point>
            <Point Name="RAKTA">RAKTA</Point>
            <Point Name="LUGAV">LUGAV</Point>
            <Point Name="ASKOL">ASKOL</Point>
            <Point Name="ELOXO">ELOXO</Point>
            <Point Name="ENABU">ENABU</Point>
            <Point Name="TONTU">TONTU</Point>
            <Point Name="GIPSA">GIPSA</Point>
            <Point Name="BOXIG">BOXIG</Point>
            <Point Name="ASRAV">ASRAV</Point>
            <Point Name="BILAL">BILAL</Point>
            <Point Name="EKBUL">EKBUL</Point>
            <Point Name="EGBIM">EGBIM</Point>
            <Point Name="KUNDI">KUNDI</Point>
            <Point Name="ITOXA">ITOXA</Point>
            <Point Name="SISOR">SISOR</Point>
            <Point Name="PASAB">PASAB</Point>
            <Point Name="ASKON">ASKON</Point>
            <Point Name="DASAG">DASAG</Point>
            <Point Name="IMDUR">IMDUR</Point>
            <Point Name="DASTU">DASTU</Point>
            <Point Name="ZENUB">ZENUB</Point>
            <Point Name="NABUS">NABUS</Point>
            <Point Name="AVAGI">AVAGI</Point>
            <Point Name="UTOLI">UTOLI</Point>
            <Point Name="EGMER">EGMER</Point>
            <Point Name="AXOTI">AXOTI</Point>
            <Point Name="BOTOK">BOTOK</Point>
            <Point Name="EGTAD">EGTAD</Point>
            <Point Name="IMPAX">IMPAX</Point>
            <Point Name="SISID">SISID</Point>
            <Point Name="DAREV">DAREV</Point>
            <Point Name="GIDAX">GIDAX</Point>
            <Point Name="ALRAP">ALRAP</Point>
            <Point Name="DEKUM">DEKUM</Point>
            <Point Name="KINOV">KINOV</Point>
            <Point Name="KASAB">KASAB</Point>
            <Point Name="UMIDA">UMIDA</Point>
            <Point Name="GINPU">GINPU</Point>
            <Point Name="EPLAS">EPLAS</Point>
            <Point Name="EGSUM">EGSUM</Point>
            <Point Name="RAGEN">RAGEN</Point>
            <Point Name="LAMAB">LAMAB</Point>
            <Point Name="KUVTI">KUVTI</Point>
            <Point Name="KITOB">KITOB</Point>
            <Point Name="SOGIN">SOGIN</Point>
            <Point Name="TAVNA">TAVNA</Point>
            <Point Name="RAGSI">RAGSI</Point>
            <Point Name="TOMRU">TOMRU</Point>
            <Point Name="GIBAP">GIBAP</Point>
            <Point Name="SIGNO">SIGNO</Point>
            <Point Name="JEBRA">JEBRA</Point>
            <Point Name="TOVIL">TOVIL</Point>
            <Point Name="ATMUL">ATMUL</Point>
            <Point Name="GINKA">GINKA</Point>
            <Point Name="68KTM">68KTM</Point>
            <Point Name="LOROG">LOROG</Point>
            <Point Name="DEDVA">DEDVA</Point>
            <Point Name="KISOV">KISOV</Point>
            <Point Name="SITIK">SITIK</Point>
            <Point Name="FEREB">FEREB</Point>
            <Point Name="ELULA">ELULA</Point>
            <Point Name="SODIL">SODIL</Point>
            <Point Name="IPONO">IPONO</Point>
            <Point Name="GAMAR">GAMAR</Point>
            <Point Name="DEBOX">DEBOX</Point>
            <Point Name="KAREP">KAREP</Point>
            <Point Name="ITOMO">ITOMO</Point>
            <Point Name="KABLA">KABLA</Point>
            <Point Name="MONAN">MONAN</Point>
            <Point Name="DEMTI">DEMTI</Point>
            <Point Name="HAMID">HAMID</Point>
            <Point Name="PEDOS">PEDOS</Point>
            <Point Name="ALKED">ALKED</Point>
            <Point Name="GAILY">GAILY</Point>
            <Point Name="LOPON">LOPON</Point>
            <Point Name="ILBIB">ILBIB</Point>
            <Point Name="EMAMU">EMAMU</Point>
            <Point Name="RAMKO">RAMKO</Point>
            <Point Name="PEBOR">PEBOR</Point>
            <Point Name="EMITA">EMITA</Point>
            <Point Name="ALEBA">ALEBA</Point>
            <Point Name="ELUDU">ELUDU</Point>
            <Point Name="DANUD">DANUD</Point>
            <Point Name="KITEK">KITEK</Point>
            <Point Name="KURAM">KURAM</Point>
        </Label>
    </Map>
</Maps>