﻿<?xml version="1.0" encoding="utf-8"?>
<Misc>
  <RVSMBand Lower="28000" Upper="41000" />
  <Transition Altitude="7000" />
  <RVSMStatus FAAEquipment="L, W, Z" ICAOEquipment="W" />
  <ADSBStatus FAAEquipment="I, L, G, Z" ICAOEquipment="L, E, B1, B2, U1, U2, V1, V2, D1, G1"
    Remark="ADSB,ADS-B,ADS,ADS-C" />
  <LATCValues>15, 22, 29, 38, 45, 61, 72, 89, 115, 165</LATCValues>
  <FilterGroundTracks>HSSK,HSPN,HSMN,HJJJ</FilterGroundTracks>
  <PDCAirports>HSSK,HSPN,HJJJ,HSMN</PDCAirports>
  <BRL LabelType="Extended" />
</Misc>