<?xml version="1.0" encoding="utf-8"?>
<Positions xmlns:xsd="http://www.w3.org/2001/XMLSchema"
  xmlns:xsi="http://www.w3.org/2001/XMLSchema-instance">

  <!--ACC
  Positions-->

  <Group Name="Enroute">

    <Position Name="Khartoum North (Bandbox)" Type="ASD" DefaultCenter="+14.229056+030.242251"
      DefaultRange="2500">
      <Sectors>
        <Sector Name="KRN" />
        <Sector Name="KRS" />
        <Sector Name="JUB" />
      </Sectors>
      <ManualVisibility>
        <Point>+17.334444+034.673889</Point>
        <Point>+18.433611+029.096667</Point>
        <Point>+12.508333+027.110833</Point>
        <Point>+08.655556+031.638611</Point>
      </ManualVisibility>
      <Maps>
        <Map Name="ALL_NAVAIDS" />
        <Map Name="ALL_NAVAIDS_NAMES" />
        <Map Name="COAST" />
        <Map Name="FIR_BDRY" />
        <Map Name="ALL_TMA" />
        <Map Name="ALL_ROUTE_HIGH" />
        <Map Name="ALL_POINTS_HIGH" />
      </Maps>
      <Strips Mode="State" Sort="Time">
        <Window Type="State" State="Jurisdiction" Visible="true" />
        <Window Type="State" State="Announced" Visible="true" />
        <Window Type="State" State="Preactive" Visible="true" />
      </Strips>
      <ArrivalLists>
        <Airport Name="HSSK" />
        <Airport Name="HSPN" />
        <Airport Name="HJJJ" />
      </ArrivalLists>
      <CFL QuickLevel="4000" />
      <ControllerInfo>
        <Line>"Khartoum Center"</Line>
        <Line>Covering Khartoum and Juba FIR when local ATC offline</Line>
      </ControllerInfo>
    </Position>

    <Position Name="Khartoum South" Type="ASD" DefaultCenter="+11.299281+029.989239"
      DefaultRange="1500">
      <Sectors>
        <Sector Name="KRS" />
        <Sector Name="JUB" />
      </Sectors>
      <ManualVisibility>
        <Point>+13.598358+025.302961</Point>
        <Point>+04.876111+031.599722</Point>
        <Point>+15.407639+036.337222</Point>
      </ManualVisibility>
      <Maps>
        <Map Name="ALL_NAVAIDS" />
        <Map Name="ALL_NAVAIDS_NAMES" />
        <Map Name="COAST" />
        <Map Name="FIR_BDRY" />
        <Map Name="ALL_TMA" />
        <Map Name="ALL_ROUTE_HIGH" />
        <Map Name="ALL_POINTS_HIGH" />
      </Maps>
      <Strips Mode="State" Sort="Time">
        <Window Type="State" State="Jurisdiction" Visible="true" />
        <Window Type="State" State="Announced" Visible="true" />
        <Window Type="State" State="Preactive" Visible="true" />
      </Strips>
      <ArrivalLists>
        <Airport Name="HJJJ" />
        <Airport Name="HSNN" />
        <Airport Name="HSOB" />
        <Airport Name="HSFS" />
      </ArrivalLists>
      <CFL QuickLevel="4000" />
      <ControllerInfo>
        <Line>"Khartoum Center"</Line>
        <Line>Covering the South Sector above FL245+ and Juba FIR when local ATC offline</Line>
      </ControllerInfo>
    </Position>

    <Position Name="Juba" Type="ASD" DefaultCenter="+07.643810+030.259285" DefaultRange="1500">
      <Sectors>
        <Sector Name="JUB" />
      </Sectors>
      <ManualVisibility>
        <Point>+13.598358+025.302961</Point>
        <Point>+04.876111+031.599722</Point>
        <Point>+15.407639+036.337222</Point>
      </ManualVisibility>
      <Maps>
        <Map Name="ALL_NAVAIDS" />
        <Map Name="ALL_NAVAIDS_NAMES" />
        <Map Name="COAST" />
        <Map Name="FIR_BDRY" />
        <Map Name="ALL_TMA" />
        <Map Name="ALL_ROUTE_HIGH" />
        <Map Name="ALL_POINTS_HIGH" />
      </Maps>
      <Strips Mode="State" Sort="Time">
        <Window Type="State" State="Jurisdiction" Visible="true" />
        <Window Type="State" State="Announced" Visible="true" />
        <Window Type="State" State="Preactive" Visible="true" />
      </Strips>
      <ArrivalLists>
        <Airport Name="HJJJ" />
      </ArrivalLists>
      <CFL QuickLevel="6000" />
      <ControllerInfo>
        <Line>"Juba Control"</Line>
        <Line>Covering HJJJ FIR up to FL245 | Report Callsign, Aircraft Type and Position on Initial
          Contact</Line>
      </ControllerInfo>
    </Position>

  </Group>

  <!--APP
  Positions-->

  <Group Name="Approach">

    <Position Name="Khartoum" Type="ASD" DefaultCenter="+15.197889+032.556797" DefaultRange="800">
      <Sectors>
        <Sector Name="KRA" />
      </Sectors>
      <Maps>
        <Map Name="ALL_NAVAIDS" />
        <Map Name="ALL_NAVAIDS_NAMES" />
        <Map Name="COAST" />
        <Map Name="FIR_BDRY" />
        <Map Name="ALL_TMA" />
        <Map Name="ALL_CTR" />
        <Map Name="ALL_ROUTE_HIGH" />
        <Map Name="ALL_POINTS_HIGH" />
      </Maps>
      <Strips Mode="State" Sort="Time">
        <Window Type="State" State="Jurisdiction" Visible="true" />
        <Window Type="State" State="Announced" Visible="true" />
        <Window Type="State" State="Preactive" Visible="true" />
      </Strips>
      <ArrivalLists>
        <Airport Name="HSSK" />
      </ArrivalLists>
      <CFL QuickLevel="4000" />
      <CFL QuickLevel="28000" />
      <ControllerInfo>
        <Line>"Khartoum Approach"</Line>
        <Line>Covering Khartoum TMA upto FL285</Line>
      </ControllerInfo>
    </Position>

    <Position Name="Merowe" Type="ASD" DefaultCenter="+18.443056+031.843056" DefaultRange="600">
      <Sectors>
        <Sector Name="MRA" />
      </Sectors>
      <Maps>
        <Map Name="ALL_NAVAIDS" />
        <Map Name="ALL_NAVAIDS_NAMES" />
        <Map Name="COAST" />
        <Map Name="FIR_BDRY" />
        <Map Name="ALL_TMA" />
        <Map Name="ALL_CTR" />
        <Map Name="ALL_ROUTE_HIGH" />
        <Map Name="ALL_POINTS_HIGH" />
      </Maps>
      <Strips Mode="State" Sort="Time">
        <Window Type="State" State="Jurisdiction" Visible="true" />
        <Window Type="State" State="Announced" Visible="true" />
        <Window Type="State" State="Preactive" Visible="true" />
      </Strips>
      <ArrivalLists>
        <Airport Name="HSMN" />
      </ArrivalLists>
      <CFL QuickLevel="4000" />
      <CFL QuickLevel="19000" />
      <ControllerInfo>
        <Line>"Merowe Approach"</Line>
        <Line>Covering Merowe TMA upto FL195</Line>
      </ControllerInfo>
    </Position>


    <Position Name="El-Fashir" Type="ASD" DefaultCenter="+13.614722+025.324445" DefaultRange="300">
      <Sectors>
        <Sector Name="FSA" />
      </Sectors>
      <Maps>
        <Map Name="ALL_NAVAIDS" />
        <Map Name="ALL_NAVAIDS_NAMES" />
        <Map Name="COAST" />
        <Map Name="FIR_BDRY" />
        <Map Name="ALL_TMA" />
        <Map Name="ALL_CTR" />
        <Map Name="ALL_ROUTE_HIGH" />
        <Map Name="ALL_POINTS_HIGH" />
      </Maps>
      <Strips Mode="State" Sort="Time">
        <Window Type="State" State="Jurisdiction" Visible="true" />
        <Window Type="State" State="Announced" Visible="true" />
        <Window Type="State" State="Preactive" Visible="true" />
      </Strips>
      <CFL QuickLevel="4000" />
      <CFL QuickLevel="14000" />
      <ArrivalLists>
        <Airport Name="HSFS" />
      </ArrivalLists>
      <ControllerInfo>
        <Line>"El-Fashir Approach"</Line>
        <Line>Covering El-Fashir TMA upto FL145</Line>
      </ControllerInfo>
    </Position>

    <Position Name="Genina" Type="ASD" DefaultCenter="+13.477500+022.537167" DefaultRange="300">
      <Sectors>
        <Sector Name="GNA" />
      </Sectors>
      <Maps>
        <Map Name="ALL_NAVAIDS" />
        <Map Name="ALL_NAVAIDS_NAMES" />
        <Map Name="COAST" />
        <Map Name="FIR_BDRY" />
        <Map Name="ALL_TMA" />
        <Map Name="ALL_CTR" />
        <Map Name="ALL_ROUTE_HIGH" />
        <Map Name="ALL_POINTS_HIGH" />
      </Maps>
      <Strips Mode="State" Sort="Time">
        <Window Type="State" State="Jurisdiction" Visible="true" />
        <Window Type="State" State="Announced" Visible="true" />
        <Window Type="State" State="Preactive" Visible="true" />
      </Strips>
      <CFL QuickLevel="4000" />
      <CFL QuickLevel="14000" />
      <ArrivalLists>
        <Airport Name="HSSG" />
        <Airport Name="HSGN" />
      </ArrivalLists>
      <ControllerInfo>
        <Line>"Genina Approach"</Line>
        <Line>Covering Genina Approach TMA upto FL145</Line>
      </ControllerInfo>
    </Position>

    <Position Name="Port Sudan" Type="ASD" DefaultCenter="+19.433667+037.234167" DefaultRange="300">
      <Sectors>
        <Sector Name="PSA" />
      </Sectors>
      <Maps>
        <Map Name="ALL_NAVAIDS" />
        <Map Name="ALL_NAVAIDS_NAMES" />
        <Map Name="COAST" />
        <Map Name="FIR_BDRY" />
        <Map Name="ALL_TMA" />
        <Map Name="ALL_CTR" />
        <Map Name="ALL_ROUTE_HIGH" />
        <Map Name="ALL_POINTS_HIGH" />
      </Maps>
      <Strips Mode="State" Sort="Time">
        <Window Type="State" State="Jurisdiction" Visible="true" />
        <Window Type="State" State="Announced" Visible="true" />
        <Window Type="State" State="Preactive" Visible="true" />
      </Strips>
      <CFL QuickLevel="4000" />
      <CFL QuickLevel="19000" />
      <ArrivalLists>
        <Airport Name="HSPN" />
      </ArrivalLists>
      <ControllerInfo>
        <Line>"Port Sudan Approach"</Line>
        <Line>Covering Port Sudan TMA upto FL195</Line>
      </ControllerInfo>
    </Position>

  </Group>

  <!--Control
  TWR Positions-->

  <Group Name="Control Tower">
    <Position Name="Khartoum" Type="ASD" DefaultCenter="+15.589444+032.553056" DefaultRange="180">
      <Sectors>
        <Sector Name="KR ADC" />
      </Sectors>
      <Maps>
        <Map Name="ALL_NAVAIDS" />
        <Map Name="ALL_NAVAIDS_NAMES" />
        <Map Name="COAST" />
        <Map Name="FIR_BDRY" />
        <Map Name="ALL_TMA" />
        <Map Name="ALL_CTR" />
        <Map Name="ALL_ROUTE_HIGH" />
        <Map Name="ALL_POINTS_HIGH" />
      </Maps>
      <Strips Mode="Beacon" Sort="Alpha">
        <Window Type="ADEP" Beacon="HSSK" Visible="true" />
      </Strips>
      <CFL QuickLevel="4000" />
      <ArrivalLists>
        <Airport Name="HSSK" />
      </ArrivalLists>
      <ControllerInfo>
        <Line>"Khartoum Tower"</Line>
        <Line>Report Callsign, Aircraft Type and Position on Initial Contact</Line>
      </ControllerInfo>
    </Position>

    <Position Name="Port Sudan" Type="ASD" DefaultCenter="+19.433667+037.234167" DefaultRange="180">
      <Sectors>
        <Sector Name="PS ADC" />
      </Sectors>
      <Maps>
        <Map Name="ALL_NAVAIDS" />
        <Map Name="ALL_NAVAIDS_NAMES" />
        <Map Name="COAST" />
        <Map Name="FIR_BDRY" />
        <Map Name="ALL_TMA" />
        <Map Name="ALL_CTR" />
        <Map Name="ALL_ROUTE_HIGH" />
        <Map Name="ALL_POINTS_HIGH" />
      </Maps>
      <Strips Mode="Beacon" Sort="Alpha">
        <Window Type="ADEP" Beacon="HSPN" Visible="true" />
      </Strips>
      <CFL QuickLevel="4000" />
      <ArrivalLists>
        <Airport Name="HSPN" />
      </ArrivalLists>
      <ControllerInfo>
        <Line>"Port Sudan Tower"</Line>
        <Line>Report Callsign, Aircraft Type and Position on Initial Contact</Line>
      </ControllerInfo>
    </Position>

    <Position Name="Merowe" Type="ASD" DefaultCenter="+18.443056+031.843056" DefaultRange="180">
      <Sectors>
        <Sector Name="MR ADC" />
      </Sectors>
      <Maps>
        <Map Name="ALL_NAVAIDS" />
        <Map Name="ALL_NAVAIDS_NAMES" />
        <Map Name="COAST" />
        <Map Name="FIR_BDRY" />
        <Map Name="ALL_TMA" />
        <Map Name="ALL_CTR" />
        <Map Name="ALL_ROUTE_HIGH" />
        <Map Name="ALL_POINTS_HIGH" />
      </Maps>
      <Strips Mode="Beacon" Sort="Alpha">
        <Window Type="ADEP" Beacon="HSMN" Visible="true" />
      </Strips>
      <CFL QuickLevel="4000" />
      <ArrivalLists>
        <Airport Name="HSMN" />
      </ArrivalLists>
      <DepartureLists>
        <Airport Name="HSMN" />
      </DepartureLists>
      <ControllerInfo>
        <Line>"Merowe Tower"</Line>
        <Line>Report Callsign, Aircraft Type and Position on Initial Contact</Line>
      </ControllerInfo>
    </Position>

    <Position Name="Genina" Type="ASD" DefaultCenter="+13.477500+022.537167" DefaultRange="180">
      <Sectors>
        <Sector Name="GN ADC" />
      </Sectors>
      <Maps>
        <Map Name="ALL_NAVAIDS" />
        <Map Name="ALL_NAVAIDS_NAMES" />
        <Map Name="COAST" />
        <Map Name="FIR_BDRY" />
        <Map Name="ALL_TMA" />
        <Map Name="ALL_CTR" />
        <Map Name="ALL_ROUTE_HIGH" />
        <Map Name="ALL_POINTS_HIGH" />
      </Maps>
      <Strips Mode="Beacon" Sort="Alpha">
        <Window Type="ADEP" Beacon="HSSG" Visible="true" />
      </Strips>
      <CFL QuickLevel="4000" />
      <ArrivalLists>
        <Airport Name="HSSG" />
      </ArrivalLists>
      <ControllerInfo>
        <Line>"Genina Tower"</Line>
        <Line>Report Callsign, Aircraft Type and Position on Initial Contact</Line>
      </ControllerInfo>
    </Position>

    <Position Name="El-Fashir" Type="ASD" DefaultCenter="+13.614722+025.324445" DefaultRange="180">
      <Sectors>
        <Sector Name="FS ADC" />
      </Sectors>
      <Maps>
        <Map Name="ALL_NAVAIDS" />
        <Map Name="ALL_NAVAIDS_NAMES" />
        <Map Name="COAST" />
        <Map Name="FIR_BDRY" />
        <Map Name="ALL_TMA" />
        <Map Name="ALL_CTR" />
        <Map Name="ALL_ROUTE_HIGH" />
        <Map Name="ALL_POINTS_HIGH" />
      </Maps>
      <Strips Mode="Beacon" Sort="Alpha">
        <Window Type="ADEP" Beacon="HSFS" Visible="true" />
      </Strips>
      <CFL QuickLevel="4000" />
      <ArrivalLists>
        <Airport Name="HSFS" />
      </ArrivalLists>
      <ControllerInfo>
        <Line>"El-Fashir Tower"</Line>
        <Line>Report Callsign, Aircraft Type and Position on Initial Contact</Line>
      </ControllerInfo>
    </Position>

    <Position Name="Neyala" Type="ASD" DefaultCenter="+12.053611+024.956111" DefaultRange="180">
      <Sectors>
        <Sector Name="NY ADC" />
      </Sectors>
      <Maps>
        <Map Name="ALL_NAVAIDS" />
        <Map Name="ALL_NAVAIDS_NAMES" />
        <Map Name="COAST" />
        <Map Name="FIR_BDRY" />
        <Map Name="ALL_TMA" />
        <Map Name="ALL_CTR" />
        <Map Name="ALL_ROUTE_HIGH" />
        <Map Name="ALL_POINTS_HIGH" />
      </Maps>
      <Strips Mode="Beacon" Sort="Alpha">
        <Window Type="ADEP" Beacon="HSSK" Visible="true" />
      </Strips>
      <ArrivalLists>
        <Airport Name="HSNN" />
      </ArrivalLists>
      <ControllerInfo>
        <Line>"Neyala Tower"</Line>
        <Line>Report Callsign, Aircraft Type and Position on Initial Contact</Line>
      </ControllerInfo>
    </Position>

    <Position Name="Dongola" Type="ASD" DefaultCenter="+19.153611+030.430000" DefaultRange="180">
      <Sectors>
        <Sector Name="DN ADC" />
      </Sectors>
      <Maps>
        <Map Name="ALL_NAVAIDS" />
        <Map Name="ALL_NAVAIDS_NAMES" />
        <Map Name="COAST" />
        <Map Name="FIR_BDRY" />
        <Map Name="ALL_TMA" />
        <Map Name="ALL_CTR" />
        <Map Name="ALL_ROUTE_HIGH" />
        <Map Name="ALL_POINTS_HIGH" />
      </Maps>
      <Strips Mode="Beacon" Sort="Alpha">
        <Window Type="ADEP" Beacon="HSDN" Visible="true" />
      </Strips>
      <ArrivalLists>
        <Airport Name="HSDN" />
      </ArrivalLists>
      <ControllerInfo>
        <Line>"Dongola Tower"</Line>
        <Line>Report Callsign, Aircraft Type and Position on Initial Contact</Line>
      </ControllerInfo>
    </Position>

    <Position Name="El-Obied" Type="ASD" DefaultCenter="+13.152833+030.232833" DefaultRange="180">
      <Sectors>
        <Sector Name="OB ADC" />
      </Sectors>
      <Maps>
        <Map Name="ALL_NAVAIDS" />
        <Map Name="ALL_NAVAIDS_NAMES" />
        <Map Name="COAST" />
        <Map Name="FIR_BDRY" />
        <Map Name="ALL_TMA" />
        <Map Name="ALL_CTR" />
        <Map Name="ALL_ROUTE_HIGH" />
        <Map Name="ALL_POINTS_HIGH" />
      </Maps>
      <Strips Mode="Beacon" Sort="Alpha">
        <Window Type="ADEP" Beacon="HSOB" Visible="true" />
      </Strips>
      <ArrivalLists>
        <Airport Name="HSOB" />
      </ArrivalLists>
      <ControllerInfo>
        <Line>"El-Obied Tower"</Line>
        <Line>Report Callsign, Aircraft Type and Position on Initial Contact</Line>
      </ControllerInfo>
    </Position>

    <Position Name="Kassala" Type="ASD" DefaultCenter="+15.387222+036.328611" DefaultRange="180">
      <Sectors>
        <Sector Name="KS ADC" />
      </Sectors>
      <Maps>
        <Map Name="ALL_NAVAIDS" />
        <Map Name="ALL_NAVAIDS_NAMES" />
        <Map Name="COAST" />
        <Map Name="FIR_BDRY" />
        <Map Name="ALL_TMA" />
        <Map Name="ALL_CTR" />
        <Map Name="ALL_ROUTE_HIGH" />
        <Map Name="ALL_POINTS_HIGH" />
      </Maps>
      <Strips Mode="Beacon" Sort="Alpha">
        <Window Type="ADEP" Beacon="HSKA" Visible="true" />
      </Strips>
      <ArrivalLists>
        <Airport Name="HSKA" />
      </ArrivalLists>
      <ControllerInfo>
        <Line>"Kassala Tower"</Line>
        <Line>Report Callsign, Aircraft Type and Position on Initial Contact</Line>
      </ControllerInfo>
    </Position>

    <Position Name="Juba" Type="ASD" DefaultCenter="+04.871944+031.601111" DefaultRange="180">
      <Sectors>
        <Sector Name="JB ADC" />
      </Sectors>
      <Maps>
        <Map Name="ALL_NAVAIDS" />
        <Map Name="ALL_NAVAIDS_NAMES" />
        <Map Name="COAST" />
        <Map Name="FIR_BDRY" />
        <Map Name="ALL_TMA" />
        <Map Name="ALL_CTR" />
        <Map Name="ALL_ROUTE_HIGH" />
        <Map Name="ALL_POINTS_HIGH" />
      </Maps>
      <Strips Mode="Beacon" Sort="Alpha">
        <Window Type="ADEP" Beacon="HJJJ" Visible="true" />
      </Strips>
      <ArrivalLists>
        <Airport Name="HJJJ" />
      </ArrivalLists>
      <ControllerInfo>
        <Line>"Juba Tower"</Line>
        <Line>Report Callsign, Aircraft Type and Position on Initial Contact</Line>
      </ControllerInfo>
      <ControllerInfo>
        <Line>"Juba Ground"</Line>
        <Line>Report Callsign, Aircraft Type and Position on Initial Contact</Line>
      </ControllerInfo>
    </Position>

  </Group>

  <!--Procedural
  TWR Positions-->

  <Group Name="Procedural Tower">
    <Position Name="Atbara" Type="ASD" DefaultCenter="+17.709667+034.057167" DefaultRange="100">
      <Sectors>
        <Sector Name="AT ADC" />
      </Sectors>
      <Maps>
        <Map Name="ALL_NAVAIDS" />
        <Map Name="ALL_NAVAIDS_NAMES" />
        <Map Name="COAST" />
        <Map Name="FIR_BDRY" />
        <Map Name="ALL_TMA" />
        <Map Name="ALL_CTR" />
        <Map Name="ALL_ROUTE_HIGH" />
        <Map Name="ALL_POINTS_HIGH" />
        <Map Name="ALL_AIRPORTS" />
      </Maps>
      <Strips Mode="Beacon" Sort="Alpha">
        <Window Type="ADEP" Beacon="HSAT" Visible="true" />
      </Strips>
      <ArrivalLists>
        <Airport Name="HSAT" />
      </ArrivalLists>
      <ControllerInfo>
        <Line>"Atbara Radio" | Procedural Service</Line>
        <Line>Report Callsign, Aircraft Type and Position on Initial Contact</Line>
      </ControllerInfo>
    </Position>

    <Position Name="Wadi Halfa" Type="ASD" DefaultCenter="+21.802833+031.522000" DefaultRange="100">
      <Sectors>
        <Sector Name="WF ADC" />
      </Sectors>
      <Maps>
        <Map Name="ALL_NAVAIDS" />
        <Map Name="ALL_NAVAIDS_NAMES" />
        <Map Name="COAST" />
        <Map Name="FIR_BDRY" />
        <Map Name="ALL_TMA" />
        <Map Name="ALL_CTR" />
        <Map Name="ALL_ROUTE_HIGH" />
        <Map Name="ALL_POINTS_HIGH" />
        <Map Name="ALL_AIRPORTS" />
      </Maps>
      <Strips Mode="Beacon" Sort="Alpha">
        <Window Type="ADEP" Beacon="HSWW" Visible="true" />
      </Strips>
      <ArrivalLists>
        <Airport Name="HSWW" />
      </ArrivalLists>
      <ControllerInfo>
        <Line>"Wadi Halfa Radio" | Procedural Service</Line>
        <Line>Report Callsign, Aircraft Type and Position on Initial Contact</Line>
      </ControllerInfo>
    </Position>

    <Position Name="Damazin" Type="ASD" DefaultCenter="+11.786167+034.333333" DefaultRange="100">
      <Sectors>
        <Sector Name="DZ ADC" />
      </Sectors>
      <Maps>
        <Map Name="ALL_NAVAIDS" />
        <Map Name="ALL_NAVAIDS_NAMES" />
        <Map Name="COAST" />
        <Map Name="FIR_BDRY" />
        <Map Name="ALL_TMA" />
        <Map Name="ALL_CTR" />
        <Map Name="ALL_ROUTE_HIGH" />
        <Map Name="ALL_POINTS_HIGH" />
        <Map Name="ALL_AIRPORTS" />
      </Maps>
      <Strips Mode="Beacon" Sort="Alpha">
        <Window Type="ADEP" Beacon="HSDZ" Visible="true" />
      </Strips>
      <ArrivalLists>
        <Airport Name="HSDZ" />
      </ArrivalLists>
      <ControllerInfo>
        <Line>"Damazin Radio" | Procedural Service</Line>
        <Line>Report Callsign, Aircraft Type and Position on Initial Contact</Line>
      </ControllerInfo>
    </Position>

    <Position Name="Wau" Type="ASD" DefaultCenter="+07.725833+027.975000" DefaultRange="100">
      <Sectors>
        <Sector Name="WO ADC" />
      </Sectors>
      <Maps>
        <Map Name="ALL_NAVAIDS" />
        <Map Name="ALL_NAVAIDS_NAMES" />
        <Map Name="COAST" />
        <Map Name="FIR_BDRY" />
        <Map Name="ALL_TMA" />
        <Map Name="ALL_CTR" />
        <Map Name="ALL_ROUTE_HIGH" />
        <Map Name="ALL_POINTS_HIGH" />
        <Map Name="ALL_AIRPORTS" />
      </Maps>
      <Strips Mode="Beacon" Sort="Alpha">
        <Window Type="ADEP" Beacon="HJWW" Visible="true" />
      </Strips>
      <ArrivalLists>
        <Airport Name="HJWW" />
      </ArrivalLists>
      <ControllerInfo>
        <Line>"Wau Radio" | Procedural Service</Line>
        <Line>Report Callsign, Aircraft Type and Position on Initial Contact</Line>
      </ControllerInfo>
    </Position>

    <Position Name="Kadugli" Type="ASD" DefaultCenter="+11.137222+029.699167" DefaultRange="100">
      <Sectors>
        <Sector Name="KD ADC" />
      </Sectors>
      <Maps>
        <Map Name="ALL_NAVAIDS" />
        <Map Name="ALL_NAVAIDS_NAMES" />
        <Map Name="COAST" />
        <Map Name="FIR_BDRY" />
        <Map Name="ALL_TMA" />
        <Map Name="ALL_CTR" />
        <Map Name="ALL_ROUTE_HIGH" />
        <Map Name="ALL_POINTS_HIGH" />
        <Map Name="ALL_AIRPORTS" />
      </Maps>
      <Strips Mode="Beacon" Sort="Alpha">
        <Window Type="ADEP" Beacon="HSLI" Visible="true" />
      </Strips>
      <ArrivalLists>
        <Airport Name="HSLI" />
      </ArrivalLists>
      <ControllerInfo>
        <Line>"Kadugli Radio" | Procedural Service</Line>
        <Line>Report Callsign, Aircraft Type and Position on Initial Contact</Line>
      </ControllerInfo>
    </Position>

    <Position Name="Malakal" Type="ASD" DefaultCenter="+09.558889+031.652222" DefaultRange="100">
      <Sectors>
        <Sector Name="ML ADC" />
      </Sectors>
      <Maps>
        <Map Name="ALL_NAVAIDS" />
        <Map Name="ALL_NAVAIDS_NAMES" />
        <Map Name="COAST" />
        <Map Name="FIR_BDRY" />
        <Map Name="ALL_TMA" />
        <Map Name="ALL_CTR" />
        <Map Name="ALL_ROUTE_HIGH" />
        <Map Name="ALL_POINTS_HIGH" />
        <Map Name="ALL_AIRPORTS" />
      </Maps>
      <Strips Mode="Beacon" Sort="Alpha">
        <Window Type="ADEP" Beacon="HJMK" Visible="true" />
      </Strips>
      <ArrivalLists>
        <Airport Name="HJMK" />
      </ArrivalLists>
      <ControllerInfo>
        <Line>"Malakal Radio" | Procedural Service</Line>
        <Line>Report Callsign, Aircraft Type and Position on Initial Contact</Line>
      </ControllerInfo>
    </Position>

  </Group>

</Positions>