<Sectors>

  <!-- ACC -->

  <Sector Name="KRN" FullName="Khartoum Center" Frequency="125.400" Callsign="HSSS_1_CTR">
    <Volumes>HSSS_N</Volumes>
    <ResponsibleSectors>KRA,MRA,PSA,DNA</ResponsibleSectors>
  </Sector>
  <Sector Name="KRS" FullName="Khartoum Center" Frequency="125.700" Callsign="HSSS_2_CTR">
    <Volumes>HSSS_S</Volumes>
    <ResponsibleSectors>OBA,NYA,GNA,FSA,JUB</ResponsibleSectors>
  </Sector>
  <Sector Name="JUB" FullName="Juba Control" Frequency="123.900" Callsign="HJJJ_1_CTR">
    <Volumes>HJJJ_FIR</Volumes>
  </Sector>

  <!-- APP -->

  <Sector Name="KRA" FullName="Khartoum Approach" Frequency="124.700" Callsign="HSSK_APP">
    <Volumes>HSSK_A_TMA,HSSK_B_TMA</Volumes>
  </Sector>
  <Sector Name="FSA" FullName="El-Fasher Approach" Frequency="118.400" Callsign="HSFS_APP">
    <Volumes>HSFS_TMA</Volumes>
  </Sector>
  <Sector Name="MRA" FullName="Merowe Approach" Frequency="118.400" Callsign="HSMN_APP">
    <Volumes>HSMN_TMA</Volumes>
  </Sector>
  <Sector Name="NYA" FullName="Nyala Approach" Frequency="118.200" Callsign="HSNN_APP">
    <Volumes>HSNN_TMA</Volumes>
  </Sector>
  <Sector Name="PSA" FullName="Port-Sudan Approach" Frequency="128.100" Callsign="HSPN_APP">
    <Volumes>HSPN_TMA</Volumes>
  </Sector>
  <Sector Name="GNA" FullName="EL-Geneina Approach" Frequency="128.600" Callsign="HSSG_APP">
    <Volumes>HSSG_TMA</Volumes>
  </Sector>

  <!-- TWR -->

  <Sector Name="JB ADC" FullName="Juba Tower" Frequency="118.400" Callsign="HJJJ_TWR"
    DisplayInHandoffWindow="False">
    <Volumes>HJJJ_CTR</Volumes>
  </Sector>
  <Sector Name="DN ADC" FullName="Dongola Tower" Frequency="118.200" Callsign="HSDN_TWR"
    DisplayInHandoffWindow="False">
    <Volumes>HSDN_CTR</Volumes>
  </Sector>
  <Sector Name="FS ADC" FullName="El-Fasher Tower" Frequency="118.400" Callsign="HSFS_TWR"
    DisplayInHandoffWindow="False">
    <Volumes>HSFS_CTR</Volumes>
  </Sector>
  <Sector Name="KS ADC" FullName="Kassala Tower" Frequency="118.200" Callsign="HSKA_TWR"
    DisplayInHandoffWindow="False">
    <Volumes></Volumes>
  </Sector>
  <Sector Name="MR ADC" FullName="Merowe Tower" Frequency="118.400" Callsign="HSMN_TWR"
    DisplayInHandoffWindow="False">
    <Volumes>HSMN_CTR</Volumes>
  </Sector>
  <Sector Name="NY ADC" FullName="Nyala Tower" Frequency="118.200" Callsign="HSNN_TWR"
    DisplayInHandoffWindow="False">
    <Volumes>HSNN_CTR</Volumes>
  </Sector>
  <Sector Name="OB ADC" FullName="El-Obeid Tower" Frequency="118.500" Callsign="HSOB_TWR"
    DisplayInHandoffWindow="False">
    <Volumes>HSOB_CTR</Volumes>
  </Sector>
  <Sector Name="PS ADC" FullName="Port-Sudan Tower" Frequency="128.100" Callsign="HSPN_TWR"
    DisplayInHandoffWindow="False">
    <Volumes>HSPN_CTR</Volumes>
  </Sector>
  <Sector Name="GN ADC" FullName="EL-Geneina Tower" Frequency="128.600" Callsign="HSSG_TWR"
    DisplayInHandoffWindow="False">
    <Volumes>HSSG_CTR</Volumes>
  </Sector>
  <Sector Name="KR ADC" FullName="Khartoum Tower" Frequency="119.200" Callsign="HSSK_TWR"
    DisplayInHandoffWindow="False">
    <Volumes>HSSK_CTR</Volumes>
  </Sector>

  <!-- Radio -->

  <Sector Name="WF ADC" FullName="Wadi Halfa Radio" Frequency="120.900" Callsign="HSSW_I_TWR"
    DisplayInHandoffWindow="False">
    <Volumes></Volumes>
  </Sector>
  <Sector Name="AT ADC" FullName="Atbara Radio" Frequency="118.500" Callsign="HSAT_I_TWR"
    DisplayInHandoffWindow="False">
    <Volumes></Volumes>
  </Sector>
  <Sector Name="WO ADC" FullName="Wau Radio" Frequency="119.200" Callsign="HJWW_I_TWR"
    DisplayInHandoffWindow="False">
    <Volumes></Volumes>
  </Sector>
  <Sector Name="ML ADC" FullName="Malakal Radio" Frequency="118.200" Callsign="HJMK_I_TWR"
    DisplayInHandoffWindow="False">
    <Volumes></Volumes>
  </Sector>
  <Sector Name="KD ADC" FullName="Kadugli Radio" Frequency="120.700" Callsign="HSLI_I_TWR"
    DisplayInHandoffWindow="False">
    <Volumes></Volumes>
  </Sector>
  <Sector Name="DZ ADC" FullName="Damazin Radio" Frequency="118.400" Callsign="HSDZ_I_TWR"
    DisplayInHandoffWindow="False">
    <Volumes></Volumes>
  </Sector>

  <!-- GND -->

  <Sector Name="JB SMC" FullName="Juba Ground" Frequency="121.900" Callsign="HJJJ_GND"
    DisplayInHandoffWindow="False">
    <Volumes>HJJJ_CTR</Volumes>
  </Sector>

  <!-- Sectors for handoff (!!YET TO BE COMPLETED!!)-->

  <Sector FullName="Africa Central Control" Frequency="129.075" Callsign="AFRC_FSS" Name="AFC">
    <Volumes>HAAA,HHAA</Volumes>
  </Sector>
  <Sector FullName="East Africa Control" Frequency="135.050" Callsign="AFRE_FSS" Name="AFE">
    <Volumes>HAAA,HHAA</Volumes>
  </Sector>
  <Sector FullName="North Africa Control" Frequency="134.520" Callsign="AFRN_FSS" Name="AFN">
    <Volumes>FTTT</Volumes>
  </Sector>
  <Sector FullName="Africa South Control" Frequency="134.575" Callsign="AFRS_FSS" Name="AFS">
    <Volumes>FCCC,FZAA,HNKA</Volumes>
  </Sector>
  <Sector FullName="Africa West Control" Frequency="132.225" Callsign="AFRW_FSS" Name="AFW">
    <Volumes>FCCC,FZAA,HNKA</Volumes>
  </Sector>
  <Sector FullName="Brazzaville Control" Frequency="127.100" Callsign="FCCC_CTR" Name="FCC">
    <Volumes>FCCC</Volumes>
  </Sector>
  <Sector FullName="N'Djamena Control" Frequency="120.500" Callsign="FTTT_1_CTR" Name="NDC">
    <Volumes>FTTT</Volumes>
  </Sector>
  <Sector FullName="Kinshasa Control" Frequency="126.100" Callsign="FZZA_CTR" Name="KNC">
    <Volumes>FZAA</Volumes>
  </Sector>
  <Sector FullName="Kisangani Control" Frequency="130.100" Callsign="FZZA_E_CTR" Name="KEC">
    <Volumes>FZZA</Volumes>
  </Sector>
  <Sector FullName="Gulf Control" Frequency="133.650" Callsign="GULF_FSS" Name="GCC">
    <Volumes>HECC5,HECC6,OEJD</Volumes>
  </Sector>
  <Sector FullName="Gulf Control" Frequency="133.500" Callsign="GULF_W_FSS" Name="GCW">
    <Volumes>HECC5,HECC6,OEJD</Volumes>
  </Sector>
  <Sector FullName="Addis Control" Frequency="125.100" Callsign="HAAA_1_CTR" Name="AAW">
    <Volumes>HAAA</Volumes>
  </Sector>
  <Sector FullName="Addis Control" Frequency="125.200" Callsign="HAAA_2_CTR" Name="AAE">
    <Volumes>HAAA</Volumes>
  </Sector>
  <Sector FullName="Cairo Control" Frequency="128.725" Callsign="HECC_1X_CTR" Name="CX1">
    <Volumes>HECC5,HECC6</Volumes>
  </Sector>
  <Sector FullName="Cairo Control" Frequency="127.700" Callsign="HECC_1_CTR" Name="CC1">
    <Volumes>HECC5,HECC6</Volumes>
  </Sector>
  <Sector FullName="Cairo Control" Frequency="126.725" Callsign="HECC_2X_CTR" Name="CX2">
    <Volumes>HECC5,HECC6</Volumes>
  </Sector>
  <Sector FullName="Cairo Control" Frequency="124.700" Callsign="HECC_2_CTR" Name="CC2">
    <Volumes>HECC5,HECC6</Volumes>
  </Sector>
  <Sector FullName="Cairo Control" Frequency="123.050" Callsign="HECC_3X_CTR" Name="CX3">
    <Volumes>HECC5,HECC6</Volumes>
  </Sector>
  <Sector FullName="Cairo Control" Frequency="126.600" Callsign="HECC_3_CTR" Name="CC3">
    <Volumes>HECC5,HECC6</Volumes>
  </Sector>
  <Sector FullName="Cairo Control" Frequency="129.450" Callsign="HECC_46_CTR" Name="C46">
    <Volumes>HECC5,HECC6</Volumes>
  </Sector>
  <Sector FullName="Cairo Control" Frequency="129.700" Callsign="HECC_4X_CTR" Name="CX4">
    <Volumes>HECC5,HECC6</Volumes>
  </Sector>
  <Sector FullName="Cairo Control" Frequency="132.200" Callsign="HECC_4_CTR" Name="CC4">
    <Volumes>HECC5,HECC6</Volumes>
  </Sector>
  <Sector FullName="Cairo Control" Frequency="134.500" Callsign="HECC_5X_CTR" Name="CX5">
    <Volumes>HECC5,HECC6</Volumes>
  </Sector>
  <Sector FullName="Cairo Control" Frequency="130.900" Callsign="HECC_5_CTR" Name="CC5">
    <Volumes>HECC5,HECC6</Volumes>
  </Sector>
  <Sector FullName="Cairo Control" Frequency="124.575" Callsign="HECC_6X_CTR" Name="CX6">
    <Volumes>HECC5,HECC6</Volumes>
  </Sector>
  <Sector FullName="Cairo Control" Frequency="129.400" Callsign="HECC_6_CTR" Name="CC6">
    <Volumes>HECC5,HECC6</Volumes>
  </Sector>
  <Sector FullName="Cairo Control" Frequency="134.400" Callsign="HECC_A_CTR" Name="CCA">
    <Volumes>HECC5,HECC6</Volumes>
  </Sector>
  <Sector FullName="Cairo Control" Frequency="127.700" Callsign="HECC_CTR" Name="CCC">
    <Volumes>HECC5,HECC6</Volumes>
  </Sector>
  <Sector FullName="Cairo Control" Frequency="125.175" Callsign="HECC_C_CTR" Name="CCR">
    <Volumes>HECC5,HECC6</Volumes>
  </Sector>
  <Sector FullName="Asmara Center" Frequency="129.500" Callsign="HHAA_1_CTR" Name="ASS">
    <Volumes>HHAA</Volumes>
  </Sector>
  <Sector FullName="Asmara Approach" Frequency="120.700" Callsign="HHAS_APP" Name="ASA">
    <Volumes>HHAA</Volumes>
  </Sector>
  <Sector FullName="Loki Tower" Frequency="118.900" Callsign="HKLK_TWR" Name="LKT"
    DisplayInSectorsWindow="False">
    <Volumes>HKNA</Volumes>
  </Sector>
  <Sector FullName="Nairobi Control" Frequency="121.300" Callsign="HKNA_CTR" Name="NRC">
    <Volumes>HKNA</Volumes>
  </Sector>
  <Sector FullName="Tripoli Control" Frequency="120.900" Callsign="HLLL_CTR" Name="TRC">
    <Volumes>HLLL</Volumes>
  </Sector>
  <Sector FullName="Tripoli Control" Frequency="128.400" Callsign="HLLL_S_CTR" Name="TRS">
    <Volumes>HLLL</Volumes>
  </Sector>
  <Sector FullName="Entebbe Control" Frequency="128.500" Callsign="HUEC_CTR" Name="ENC">
    <Volumes>HUEC</Volumes>
  </Sector>
  <Sector FullName="Jeddah Control" Frequency="126.500" Callsign="OEJD_1_CTR" Name="JDC">
    <Volumes>OEJD</Volumes>
  </Sector>
  <Sector FullName="Jeddah Control" Frequency="133.900" Callsign="OEJD_2_CTR" Name="JD2">
    <Volumes>OEJD</Volumes>
  </Sector>
  <Sector FullName="Jeddah Control" Frequency="126.550" Callsign="OEJD_C_CTR" Name="JDP">
    <Volumes>OEJD</Volumes>
  </Sector>
  <Sector FullName="Jeddah Upper" Frequency="127.750" Callsign="OEJD_U_CTR" Name="JDU">
    <Volumes>OEJD</Volumes>
  </Sector>
  <Sector FullName="Jeddah Terminal Control" Frequency="125.450" Callsign="OEJN_1_CTR" Name="JDL">
    <Volumes>OEJN_APP</Volumes>
  </Sector>
  <Sector FullName="Jeddah Approach" Frequency="124.000" Callsign="OEJN_APP" Name="JDA">
    <Volumes>OEJN_APP</Volumes>
  </Sector>


</Sectors>